Slide,Slide Subtitle,Potential People Impact,Organizational Ambition
Executive Office,No structural change,,Maintain a lean corporate centre
Commercial,Field organisation unchanged; marketing gains automation capability,Account management and inside sales enter a selection process,Sharpen digital campaign execution
Digital Solutions Group,Consolidating data and platform engineering into two centres of excellence,"SAP and integration roles move to the managed-service partner
Network engineering consolidates into the cloud platform team
Application engineering population enters a selection process","Build a single data and platform backbone for the group
Shift from project delivery to product ownership"
Finance,Treasury and tax move to the group shared-service centre,"Treasury & Tax is decommissioned as a standalone organisation
Controlling reduces duplicate cost-accounting roles","Concentrate transactional finance in the shared-service centre
Keep business partnering close to the functions"
Operations,Digitising supply-chain planning and quality validation,"Logistics coordination is partly automated
New validation engineering capacity for the quality system",Move from manual coordination to planning analytics
People & Culture,Rebalancing from sourcing capacity to people analytics,"Sourcing specialist roles reduce as hiring volumes normalise
Payroll administration moves to the shared-service centre",Invest in people data and talent intelligence
Research & Development,Shifting laboratory capacity towards decentralised trials,"Laboratory technician roles reduce with automation
New decentralised-trial management capability","Run more trials remotely, closer to patients"
Data & Analytics,Engineering capacity grows; reporting moves to self-service,"Data engineering population enters a selection process
Reporting analysts reskill towards self-service enablement","One data platform serving every function
Analysts spend their time on questions, not on extracts"
Platform Engineering,Network operations consolidate into the cloud platform team,"Network engineering roles reduce as the estate moves to cloud
SAP and integration work moves to a managed-service partner
Application engineering population enters a selection process","Run one platform, not five
Buy the commodity, build the differentiator"
